time,step,running_loss,val_accurate
2023-02-23 14:52:08.698648,0,20.320761531591415,0.6
2023-02-23 14:52:11.260547,1,14.16046553850174,0.65
2023-02-23 14:52:13.806819,2,14.726432412862778,0.65
2023-02-23 14:52:16.384346,3,15.352724552154541,0.55
2023-02-23 14:52:18.930654,4,14.783983051776886,0.45
2023-02-23 14:52:21.523755,5,14.715768277645111,0.5
2023-02-23 14:52:24.101313,6,14.124185591936111,0.5
2023-02-23 14:52:26.803765,7,13.274346232414246,0.5
2023-02-23 14:52:29.834308,8,13.706015974283218,0.55
2023-02-23 14:52:32.802356,9,12.77790953218937,0.6
2023-02-23 14:52:35.786038,10,12.580285429954529,0.55
2023-02-23 14:52:38.738465,11,13.253226518630981,0.55
2023-02-23 14:52:41.722133,12,12.546858415007591,0.5
2023-02-23 14:52:44.705813,13,11.112253487110138,0.6
2023-02-23 14:52:47.767596,14,11.32049099355936,0.5
2023-02-23 14:52:50.829368,15,11.246128872036934,0.55
2023-02-23 14:52:54.016120,16,10.603762373328209,0.6
2023-02-23 14:52:57.234113,17,11.512811787426472,0.5
2023-02-23 14:53:00.514593,18,10.031066406518221,0.5
2023-02-23 14:53:03.888805,19,9.924980163574219,0.45
2023-02-23 14:53:07.341117,20,9.454354923218489,0.6
2023-02-23 14:53:10.840296,21,8.926867961883545,0.6
2023-02-23 14:53:14.480060,22,10.001123618334532,0.45
2023-02-23 14:53:18.166694,23,12.002564407885075,0.4
2023-02-23 14:53:22.056405,24,11.780441492795944,0.45
2023-02-23 14:53:26.008636,25,10.974098399281502,0.45
2023-02-23 14:53:29.867069,26,9.874237384647131,0.5
2023-02-23 14:53:33.756778,27,9.324585396796465,0.6
2023-02-23 14:53:37.646494,28,8.038518346846104,0.45
2023-02-23 14:53:41.551822,29,8.830631317570806,0.6
2023-02-23 14:53:45.425914,30,9.758143382146955,0.55
2023-02-23 14:53:49.315623,31,11.259426698088646,0.55
2023-02-23 14:53:53.189720,32,11.080466136336327,0.5
2023-02-23 14:53:57.063801,33,9.16350326873362,0.6
2023-02-23 14:54:00.953513,34,8.393044777214527,0.6
2023-02-23 14:54:04.827603,35,6.338297378271818,0.6
2023-02-23 14:54:08.701691,36,7.108776286244392,0.55
2023-02-23 14:54:12.591406,37,7.623425208963454,0.6
2023-02-23 14:54:16.449874,38,7.9633026998490095,0.7
2023-02-23 14:54:20.323959,39,14.742411240935326,0.6
2023-02-23 14:54:24.119943,40,13.337366849184036,0.55
2023-02-23 14:54:27.759713,41,10.986827459186316,0.6
2023-02-23 14:54:31.290132,42,11.440339218825102,0.6
2023-02-23 14:54:34.695583,43,14.14954024553299,0.55
2023-02-23 14:54:38.038546,44,11.525799572467804,0.6
2023-02-23 14:54:41.350274,45,8.703781351447105,0.6
2023-02-23 14:54:44.537023,46,7.329261314123869,0.6
2023-02-23 14:54:47.692526,47,6.844945352524519,0.6
2023-02-23 14:54:50.769928,48,9.890790390782058,0.55
2023-02-23 14:54:53.847371,49,7.757169485092163,0.6
2023-02-23 14:54:56.893489,50,7.6315754521638155,0.6
2023-02-23 14:54:59.892787,51,6.794456956908107,0.55
2023-02-23 14:55:02.860838,52,5.215810298919678,0.5
2023-02-23 14:55:05.797681,53,6.247011597268283,0.45
2023-02-23 14:55:08.734463,54,6.914998274296522,0.55
2023-02-23 14:55:11.686892,55,13.212708140723407,0.45
2023-02-23 14:55:14.623696,56,14.73780196160078,0.6
2023-02-23 14:55:17.544885,57,7.689396947622299,0.55
2023-02-23 14:55:20.497316,58,6.360603284090757,0.55
2023-02-23 14:55:23.496617,59,4.107852718792856,0.55
2023-02-23 14:55:26.480288,60,3.9441022481769323,0.5
2023-02-23 14:55:29.495201,61,6.822993744164705,0.4
2023-02-23 14:55:32.572604,62,19.870532423257828,0.25
2023-02-23 14:55:35.681252,63,15.421896606683731,0.5
2023-02-23 14:55:38.867999,64,12.924600064754486,0.4
2023-02-23 14:55:42.210962,65,10.031154848635197,0.35
2023-02-23 14:55:45.616415,66,11.427807442843914,0.3
2023-02-23 14:55:48.990620,67,9.498702984303236,0.25
2023-02-23 14:55:52.442937,68,8.643190426751971,0.4
2023-02-23 14:55:55.988978,69,10.186968753114343,0.25
2023-02-23 14:55:59.659986,70,10.970288645476103,0.25
2023-02-23 14:56:03.471598,71,8.613491194322705,0.2
2023-02-23 14:56:07.704975,72,9.218782261013985,0.25
2023-02-23 14:56:11.610305,73,6.461273532360792,0.25
2023-02-23 14:56:15.531257,74,5.887289508245885,0.3
2023-02-23 14:56:19.436590,75,6.462593131698668,0.2
2023-02-23 14:56:23.357547,76,6.717323890887201,0.3
2023-02-23 14:56:27.231668,77,5.343837641179562,0.35
2023-02-23 14:56:31.105722,78,11.574612323194742,0.4
2023-02-23 14:56:34.995436,79,10.450485350564122,0.4
2023-02-23 14:56:38.853909,80,7.724449128843844,0.3
2023-02-23 14:56:42.727994,81,5.460303447209299,0.3
2023-02-23 14:56:46.617704,82,4.169550807215273,0.35
2023-02-23 14:56:50.366819,83,4.564890686422586,0.35
2023-02-23 14:56:53.975350,84,4.9743132730945945,0.3
2023-02-23 14:56:57.474524,85,4.391395768150687,0.3
2023-02-23 14:57:00.958080,86,2.1219732463359833,0.35
2023-02-23 14:57:04.644713,87,1.4376560831442475,0.35
2023-02-23 14:57:07.909571,88,0.6627695597708225,0.35
2023-02-23 14:57:11.143185,89,0.37067969143390656,0.35
2023-02-23 14:57:14.329941,90,0.29196537425741553,0.35
2023-02-23 14:57:17.391718,91,0.24791415827348828,0.35
2023-02-23 14:57:20.453498,92,0.21416204702109098,0.35
2023-02-23 14:57:23.437172,93,0.18694756971672177,0.35
2023-02-23 14:57:26.389617,94,0.1667889654636383,0.35
2023-02-23 14:57:29.435764,95,0.14885588851757348,0.35
2023-02-23 14:57:32.435056,96,0.1328417705371976,0.35
2023-02-23 14:57:35.387487,97,0.1167322585824877,0.35
2023-02-23 14:57:38.324296,98,0.10459325974807143,0.35
2023-02-23 14:57:41.276733,99,0.09479775209911168,0.35
2023-02-23 14:57:44.244784,100,0.08583536930382252,0.35
2023-02-23 14:57:47.212834,101,0.07924894127063453,0.35
2023-02-23 14:57:50.368342,102,0.07388844690285623,0.35
2023-02-23 14:57:53.383258,103,0.0692471155198291,0.35
2023-02-23 14:57:56.429417,104,0.06513266265392303,0.35
2023-02-23 14:57:59.600552,105,0.061426803353242576,0.35
2023-02-23 14:58:02.787301,106,0.05819507560227066,0.35
2023-02-23 14:58:06.083403,107,0.05471544072497636,0.35
2023-02-23 14:58:09.426365,108,0.05165637470781803,0.35
2023-02-23 14:58:12.863055,109,0.0489640177693218,0.35
2023-02-23 14:58:16.377859,110,0.04657640296500176,0.35
2023-02-23 14:58:20.033244,111,0.04441164596937597,0.35
2023-02-23 14:58:23.891717,112,0.042426104890182614,0.35
2023-02-23 14:58:27.750186,113,0.040579955268185586,0.35
2023-02-23 14:58:31.764867,114,0.038870143704116344,0.35
2023-02-23 14:58:35.748305,115,0.037271020701155066,0.35
2023-02-23 14:58:39.716154,116,0.03576204227283597,0.35
2023-02-23 14:58:43.621452,117,0.034331919567193836,0.35
2023-02-23 14:58:47.511161,118,0.032997090893331915,0.35
2023-02-23 14:58:51.416503,119,0.03172752325190231,0.35
2023-02-23 14:58:55.306213,120,0.03054305026307702,0.35
2023-02-23 14:58:59.133435,121,0.02943025471176952,0.35
2023-02-23 14:59:03.007523,122,0.02838165609864518,0.35
2023-02-23 14:59:06.865988,123,0.02738691261038184,0.35
2023-02-23 14:59:10.740076,124,0.026445315161254257,0.35
2023-02-23 14:59:14.629786,125,0.025553188112098724,0.35
2023-02-23 14:59:18.472640,126,0.024714933417271823,0.35
2023-02-23 14:59:22.346727,127,0.023910218384116888,0.35
2023-02-23 14:59:26.189577,128,0.023148670850787312,0.35
2023-02-23 14:59:29.923068,129,0.022423400776460767,0.35
2023-02-23 14:59:33.547220,130,0.021729648462496698,0.35
2023-02-23 14:59:36.999530,131,0.021067062218207866,0.35
2023-02-23 14:59:40.436228,132,0.020433743542525917,0.35
2023-02-23 14:59:43.747947,133,0.019830169418128207,0.35
2023-02-23 14:59:46.981561,134,0.019258249056292698,0.35
2023-02-23 14:59:50.183933,135,0.018704652495216578,0.35
2023-02-23 14:59:53.308196,136,0.018177470774389803,0.35
2023-02-23 14:59:56.369977,137,0.01767266189563088,0.35
2023-02-23 14:59:59.400517,138,0.017192133993376046,0.35
2023-02-23 15:00:02.415433,139,0.016733387077692896,0.35
2023-02-23 15:00:05.367866,140,0.01629666131339036,0.35
2023-02-23 15:00:08.304672,141,0.015876242861850187,0.35
2023-02-23 15:00:11.288347,142,0.01547332140034996,0.35
2023-02-23 15:00:14.240780,143,0.015085039427503943,0.35
2023-02-23 15:00:17.161965,144,0.014711875555804,0.35
2023-02-23 15:00:20.129127,145,0.014355736784636974,0.35
2023-02-23 15:00:23.097185,146,0.014009359641931951,0.35
2023-02-23 15:00:26.143339,147,0.013675599911948666,0.35
2023-02-23 15:00:29.111396,148,0.013354936381801963,0.35
2023-02-23 15:00:32.173171,149,0.013044392864685506,0.35
2023-02-23 15:00:35.313058,150,0.012746708176564425,0.35
2023-02-23 15:00:38.406086,151,0.012456405791454017,0.35
2023-02-23 15:00:41.740161,152,0.012176460848422721,0.35
2023-02-23 15:00:45.005017,153,0.011905565479537472,0.35
2023-02-23 15:00:48.363601,154,0.01164288551080972,0.35
2023-02-23 15:00:51.753438,155,0.011390923289582133,0.35
2023-02-23 15:00:55.252608,156,0.011143485869979486,0.35
2023-02-23 15:00:58.845554,157,0.01090509798086714,0.35
2023-02-23 15:01:02.563391,158,0.010673855125787668,0.35
2023-02-23 15:01:06.359376,159,0.010450233865412883,0.35
2023-02-23 15:01:10.268334,160,0.010231614287476987,0.35
2023-02-23 15:01:14.189287,161,0.010020020607043989,0.35
2023-02-23 15:01:18.094618,162,0.00981438159942627,0.35
2023-02-23 15:01:22.203030,163,0.009614459093427286,0.35
2023-02-23 15:01:26.248958,164,0.0094209679227788,0.35
2023-02-23 15:01:30.154285,165,0.00923140715167392,0.35
2023-02-23 15:01:34.043995,166,0.00904744360013865,0.35
2023-02-23 15:01:37.871221,167,0.008869078126735985,0.35
2023-02-23 15:01:41.760931,168,0.00869607288041152,0.35
2023-02-23 15:01:45.666264,169,0.008525925673893653,0.35
2023-02-23 15:01:49.524734,170,0.008361376414541155,0.35
2023-02-23 15:01:53.226987,171,0.00819992390461266,0.35
2023-02-23 15:01:56.851135,172,0.008044070054893382,0.35
2023-02-23 15:02:00.381554,173,0.007892504552728496,0.35
2023-02-23 15:02:03.755767,174,0.007743201989796944,0.35
2023-02-23 15:02:07.067491,175,0.0075980682304361835,0.35
2023-02-23 15:02:10.332341,176,0.007456746490788646,0.35
2023-02-23 15:02:13.503516,177,0.007319117517909035,0.35
2023-02-23 15:02:16.627735,178,0.007184466740000062,0.35
2023-02-23 15:02:19.720759,179,0.007053032095427625,0.35
2023-02-23 15:02:22.751300,180,0.0069244561600498855,0.35
2023-02-23 15:02:25.734975,181,0.006800050177844241,0.35
2023-02-23 15:02:28.687406,182,0.006677430865238421,0.35
2023-02-23 15:02:31.624211,183,0.006558147302712314,0.35
2023-02-23 15:02:34.568509,184,0.0064417227113153785,0.35
2023-02-23 15:02:37.474070,185,0.006327919094474055,0.35
2023-02-23 15:02:40.426505,186,0.006217332251253538,0.35
2023-02-23 15:02:43.347693,187,0.006108174900873564,0.35
2023-02-23 15:02:46.284500,188,0.00600211504206527,0.35
2023-02-23 15:02:49.236932,189,0.005898199728108011,0.35
2023-02-23 15:02:52.173745,190,0.005797024590719957,0.35
2023-02-23 15:02:55.173037,191,0.005697279048035853,0.35
2023-02-23 15:02:58.219196,192,0.00559991633053869,0.35
2023-02-23 15:03:01.343465,193,0.0055048172871465795,0.35
2023-02-23 15:03:04.483352,194,0.0054118629050208256,0.35
2023-02-23 15:03:07.873176,195,0.005321053082298022,0.35
2023-02-23 15:03:11.184902,196,0.005231196373642888,0.35
2023-02-23 15:03:14.512246,197,0.0051440800380078144,0.35
2023-02-23 15:03:17.917691,198,0.005058989343524445,0.35
2023-02-23 15:03:21.432488,199,0.004975685791578144,0.35
2023-02-23 15:03:25.009776,200,0.004893692857876886,0.35
2023-02-23 15:03:28.743278,201,0.004813487204955891,0.35
2023-02-23 15:03:32.617361,202,0.004734592002932914,0.35
2023-02-23 15:03:36.553939,203,0.004658318473957479,0.35
2023-02-23 15:03:40.474888,204,0.004582640540320426,0.35
2023-02-23 15:03:44.364600,205,0.004508630678174086,0.35
2023-02-23 15:03:48.238694,206,0.0044362890112097375,0.35
2023-02-23 15:03:52.128400,207,0.004365734741440974,0.35
2023-02-23 15:03:56.002494,208,0.004295657039619982,0.35
2023-02-23 15:03:59.876579,209,0.0042272474529454485,0.35
2023-02-23 15:04:03.813154,210,0.004160148549999576,0.35
2023-02-23 15:04:07.687248,211,0.004094360432645772,0.35
2023-02-23 15:04:11.545711,212,0.0040292872217833064,0.35
2023-02-23 15:04:15.451043,213,0.003965286297898274,0.35
2023-02-23 15:04:19.340758,214,0.003902477001247462,0.35
2023-02-23 15:04:23.230469,215,0.0038407400716096163,0.35
2023-02-23 15:04:27.057724,216,0.0037795989264850505,0.35
2023-02-23 15:04:30.916158,217,0.0037189341892371885,0.35
2023-02-23 15:04:34.571549,218,0.0036582692046067677,0.35
2023-02-23 15:04:38.101969,219,0.0035981998371426016,0.35
2023-02-23 15:04:41.569903,220,0.00353777279087808,0.35
2023-02-23 15:04:44.897247,221,0.003478537379123736,0.35
2023-02-23 15:04:48.177730,222,0.003421208792133257,0.35
2023-02-23 15:04:51.426966,223,0.003364714291819837,0.35
2023-02-23 15:04:54.582476,224,0.003301187236502301,0.35
2023-02-23 15:04:57.675493,225,0.00323396481689997,0.35
2023-02-23 15:05:00.721656,226,0.00316888762608869,0.35
2023-02-23 15:05:03.705326,227,0.0031072668061824515,0.35
2023-02-23 15:05:06.657758,228,0.003048744849365903,0.35
2023-02-23 15:05:09.594570,229,0.002992725723743206,0.35
2023-02-23 15:05:12.500153,230,0.002938851910585072,0.35
2023-02-23 15:05:15.436943,231,0.002887123486289056,0.35
2023-02-23 15:05:18.389382,232,0.0028370635664032307,0.35
2023-02-23 15:05:21.373048,233,0.0027886721800314263,0.35
2023-02-23 15:05:24.341101,234,0.002741472635534592,0.35
2023-02-23 15:05:27.434124,235,0.0026962993360939436,0.35
2023-02-23 15:05:30.355313,236,0.0026514834535191767,0.35
2023-02-23 15:05:33.354608,237,0.002608455339213833,0.35
2023-02-23 15:05:36.307040,238,0.0025662615116743837,0.35
2023-02-23 15:05:39.306335,239,0.0025253786698158365,0.35
2023-02-23 15:05:42.359525,240,0.002485449345840607,0.35
2023-02-23 15:05:45.468175,241,0.00244635425042361,0.35
2023-02-23 15:05:48.639301,242,0.002408212621958228,0.35
2023-02-23 15:05:51.826050,243,0.0023712628899374977,0.35
2023-02-23 15:05:55.262746,244,0.0023345514746324625,0.35
2023-02-23 15:05:58.652571,245,0.0022991511032159906,0.35
2023-02-23 15:06:02.089269,246,0.0022641081995971035,0.35
2023-02-23 15:06:05.635306,247,0.0022306148130155634,0.35
2023-02-23 15:06:09.275115,248,0.0021971213282085955,0.35
2023-02-23 15:06:13.039817,249,0.002164223806175869,0.35
2023-02-23 15:06:16.898286,250,0.002132398894900689,0.35
2023-02-23 15:06:20.741131,251,0.002101169968227623,0.35
2023-02-23 15:06:24.583978,252,0.002070179361908231,0.35
2023-02-23 15:06:28.379960,253,0.0020401422698341776,0.35
2023-02-23 15:06:32.238430,254,0.0020107010859646834,0.35
2023-02-23 15:06:36.018797,255,0.0019818558721453883,0.35
2023-02-23 15:06:39.832468,256,0.0019532489823177457,0.35
2023-02-23 15:06:43.628449,257,0.0019253571845183615,0.35
2023-02-23 15:06:47.455644,258,0.0018981805551447906,0.35
2023-02-23 15:06:52.063934,259,0.0018712422897806391,0.35
2023-02-23 15:06:55.906780,260,0.0018446615140419453,0.35
2023-02-23 15:07:00.171402,261,0.0018189151160186157,0.35
2023-02-23 15:07:05.088439,262,0.0017932878872670699,0.35
2023-02-23 15:07:11.563989,263,0.0017676605875749374,0.35
2023-02-23 15:07:16.419868,264,0.001741675603625481,0.35
2023-02-23 15:07:20.276555,265,0.0017139025512733497,0.35
2023-02-23 15:07:23.851994,266,0.0016856526253832271,0.35
2023-02-23 15:07:27.380558,267,0.0016582370863034157,0.35
2023-02-23 15:07:31.116038,268,0.001631536662898725,0.35
2023-02-23 15:07:34.670558,269,0.001605432236829074,0.35
2023-02-23 15:07:38.218155,270,0.0015805197581357788,0.35
2023-02-23 15:07:41.404906,271,0.0015554880592389964,0.35
2023-02-23 15:07:44.622900,272,0.0015318867281166604,0.35
2023-02-23 15:07:47.691476,273,0.001508523779193638,0.35
2023-02-23 15:07:50.748934,274,0.0014858759841445135,0.35
2023-02-23 15:07:53.835394,275,0.0014637049680459313,0.35
2023-02-23 15:07:57.022145,276,0.0014420107436308172,0.35
2023-02-23 15:08:00.231557,277,0.0014206740834197262,0.35
2023-02-23 15:08:03.342563,278,0.001400171790010063,0.35
2023-02-23 15:08:06.558123,279,0.0013800270917272428,0.35
2023-02-23 15:08:09.713631,280,0.001359643965770374,0.35
2023-02-23 15:08:12.767337,281,0.0013399760064203292,0.35
2023-02-23 15:08:16.094543,282,0.0013213808488217182,0.35
2023-02-23 15:08:19.562479,283,0.0013020704591326648,0.35
2023-02-23 15:08:22.780469,284,0.0012841904717788566,0.35
2023-02-23 15:08:25.936066,285,0.0012659528347285232,0.35
2023-02-23 15:08:29.341523,286,0.0012481919984566048,0.35
2023-02-23 15:08:32.715726,287,0.0012310271467868006,0.35
2023-02-23 15:08:36.548621,288,0.0012138622914790176,0.35
2023-02-23 15:08:42.088857,289,0.0011974126064160373,0.35
2023-02-23 15:08:47.662664,290,0.001180605317131267,0.35
2023-02-23 15:08:52.362538,291,0.0011647516166704008,0.35
2023-02-23 15:08:57.668939,292,0.001148540286521893,0.35
2023-02-23 15:09:05.442502,293,0.0011330441793688806,0.35
2023-02-23 15:09:10.445670,294,0.0011176672196597792,0.35
2023-02-23 15:09:14.916600,295,0.0011027670825569658,0.35
2023-02-23 15:09:19.603000,296,0.0010878669199883007,0.35
2023-02-23 15:09:25.637649,297,0.0010733243561844574,0.35
2023-02-23 15:09:30.699606,298,0.0010593777788017178,0.35
2023-02-23 15:09:35.560391,299,0.0010449543860886479,0.35
2023-02-23 15:09:40.028090,300,0.0010310078068869188,0.35
2023-02-23 15:09:44.575774,301,0.001017418807350623,0.35
2023-02-23 15:09:48.797459,302,0.0010038297832579701,0.35
2023-02-23 15:09:52.999603,303,0.000990717576314637,0.35
2023-02-23 15:09:57.469300,304,0.0009777245413715718,0.35
2023-02-23 15:10:01.765165,305,0.0009649699222791241,0.35
2023-02-23 15:10:05.967302,306,0.000951857663494593,0.35
2023-02-23 15:10:09.972388,307,0.0009398182510267361,0.35
2023-02-23 15:10:13.877719,308,0.0009276596038034768,0.35
2023-02-23 15:10:17.391601,309,0.0009155009429377969,0.35
2023-02-23 15:10:21.139821,310,0.0009036998999363277,0.35
2023-02-23 15:10:24.795212,311,0.0008920180416680523,0.35
2023-02-23 15:10:28.278770,312,0.0008803361670288723,0.35
2023-02-23 15:10:31.731081,313,0.0008692503224665415,0.35
2023-02-23 15:10:35.011566,314,0.0008582836526329629,0.35
2023-02-23 15:10:38.245175,315,0.0008470785587633145,0.35
2023-02-23 15:10:41.385063,316,0.0008363502984138904,0.35
2023-02-23 15:10:44.561794,317,0.0008257412328021019,0.35
2023-02-23 15:10:47.904763,318,0.0008152513382810866,0.35
2023-02-23 15:10:50.915484,319,0.0008047614574024919,0.35
2023-02-23 15:10:53.930396,320,0.0007947483754833229,0.35
2023-02-23 15:10:57.132769,321,0.0007846160870030872,0.35
2023-02-23 15:11:00.132064,322,0.0007747222043690272,0.35
2023-02-23 15:11:03.178227,323,0.0007650667075722595,0.35
2023-02-23 15:11:06.403920,324,0.0007556496275356039,0.35
2023-02-23 15:11:09.418836,325,0.0007462325447704643,0.35
2023-02-23 15:11:12.511859,326,0.0007368154356299783,0.35
2023-02-23 15:11:15.620507,327,0.0007275175285030855,0.35
2023-02-23 15:11:18.776014,328,0.0007185772419688874,0.35
2023-02-23 15:11:22.009628,329,0.0007101137653080514,0.35
2023-02-23 15:11:25.305774,330,0.0007014118746155873,0.35
2023-02-23 15:11:28.851769,331,0.0006923523615114391,0.35
2023-02-23 15:11:32.319704,332,0.0006842464854344144,0.35
2023-02-23 15:11:35.803260,333,0.0006757829905836843,0.35
2023-02-23 15:11:39.488808,334,0.0006674386841041269,0.35
2023-02-23 15:11:43.237927,335,0.0006595712002308574,0.35
2023-02-23 15:11:47.158887,336,0.0006512268892038264,0.35
2023-02-23 15:11:51.267292,337,0.0006434786000681925,0.35
2023-02-23 15:11:55.719369,338,0.0006354919005389092,0.35
2023-02-23 15:11:59.827779,339,0.0006283396332946722,0.35
2023-02-23 15:12:03.844580,340,0.0006208297372722882,0.35
2023-02-23 15:12:07.890501,341,0.0006130814272182761,0.35
2023-02-23 15:12:12.073633,342,0.0006054523300917936,0.35
2023-02-23 15:12:16.385121,343,0.0005985384532323224,0.35
2023-02-23 15:12:20.493528,344,0.0005911477528570686,0.35
2023-02-23 15:12:24.648801,345,0.0005841146585225943,0.35
2023-02-23 15:12:29.210227,346,0.0005770815741925617,0.35
2023-02-23 15:12:36.718539,347,0.0005704060968128033,0.35
2023-02-23 15:12:48.177927,348,0.0005636114055960206,0.35
2023-02-23 15:12:53.329520,349,0.0005570551229538978,0.35
2023-02-23 15:12:58.297628,350,0.0005504988448592485,0.35
2023-02-23 15:13:02.006261,351,0.0005440617546810245,0.35
2023-02-23 15:13:05.797978,352,0.0005373862736632873,0.35
2023-02-23 15:13:10.078776,353,0.0005313068072609894,0.35
2023-02-23 15:13:13.953755,354,0.0005247505127954355,0.35
2023-02-23 15:13:18.227493,355,0.0005187902484067308,0.35
2023-02-23 15:13:22.446594,356,0.000512710765178781,0.35
2023-02-23 15:13:27.084784,357,0.0005067504935141187,0.35
2023-02-23 15:13:33.582614,358,0.000500790220030467,0.35
2023-02-23 15:13:40.322152,359,0.0004949491467414191,0.35
2023-02-23 15:13:44.484513,360,0.000489227276375459,0.35
2023-02-23 15:13:48.094560,361,0.0004832669987990812,0.35
2023-02-23 15:13:51.672176,362,0.00047778352973182336,0.35
2023-02-23 15:13:55.407113,363,0.0004720616620943474,0.35
2023-02-23 15:13:59.204058,364,0.0004666974082283559,0.35
2023-02-23 15:14:03.570051,365,0.0004612139346136246,0.35
2023-02-23 15:14:08.781406,366,0.0004560880915960297,0.35
2023-02-23 15:14:15.012465,367,0.0004508430247369688,0.35
2023-02-23 15:14:20.879821,368,0.0004452403463801602,0.35
2023-02-23 15:14:24.769642,369,0.00044023369719070615,0.35
2023-02-23 15:14:28.303228,370,0.00043534625319807674,0.35
2023-02-23 15:14:32.032726,371,0.000430220397447556,0.35
2023-02-23 15:14:36.101122,372,0.00042545215001155157,0.35
2023-02-23 15:14:40.824214,373,0.0004206839025755471,0.35
2023-02-23 15:14:44.626648,374,0.000415558045006037,0.35
2023-02-23 15:14:48.256102,375,0.0004110282088731765,0.35
2023-02-23 15:14:52.105587,376,0.0004061407562403474,0.35
2023-02-23 15:14:55.914926,377,0.0004013725038021221,0.35
2023-02-23 15:15:00.049411,378,0.0003970810812461423,0.35
2023-02-23 15:15:04.294473,379,0.00039267044894586434,0.35
2023-02-23 15:15:09.025748,380,0.00038837901774968486,0.35
2023-02-23 15:15:13.890723,381,0.00038384917979783495,0.35
2023-02-23 15:15:18.180497,382,0.00037943854249533615,0.35
2023-02-23 15:15:23.366247,383,0.0003749086972675286,0.35
2023-02-23 15:15:29.467555,384,0.0003709748789333389,0.35
2023-02-23 15:15:33.735543,385,0.00036644503597926814,0.35
2023-02-23 15:15:38.020626,386,0.0003623920124482538,0.35
2023-02-23 15:15:42.404873,387,0.00035821978008243605,0.35
2023-02-23 15:15:47.239876,388,0.0003544051719472918,0.35
2023-02-23 15:15:52.195624,389,0.0003502329436742002,0.35
2023-02-23 15:15:58.593516,390,0.00034641833053683513,0.35
2023-02-23 15:16:03.110262,391,0.0003424845085646666,0.35
2023-02-23 15:16:06.953994,392,0.0003386698936083121,0.35
2023-02-23 15:16:10.852728,393,0.00033461686416558223,0.35
2023-02-23 15:16:14.641384,394,0.00033104066551459255,0.35
2023-02-23 15:16:18.219544,395,0.00032758366887719603,0.35
2023-02-23 15:16:21.532347,396,0.0003235306321585085,0.35
2023-02-23 15:16:24.792064,397,0.00031995443077903474,0.35
2023-02-23 15:16:28.016020,398,0.0003166166352457367,0.35
2023-02-23 15:16:31.379659,399,0.0003128020184703928,0.35
2023-02-23 15:16:34.473150,400,0.0003095834326813929,0.35
2023-02-23 15:16:37.609973,401,0.0003058880110984319,0.35
2023-02-23 15:16:40.694026,402,0.0003026694257641793,0.35
2023-02-23 15:16:43.851146,403,0.000299570043807762,0.35
2023-02-23 15:16:46.849323,404,0.0002957554193017131,0.35
2023-02-23 15:16:49.907068,405,0.0002926560359810537,0.35
2023-02-23 15:16:52.908860,406,0.00028931823953826097,0.35
2023-02-23 15:16:55.938350,407,0.0002859804385479947,0.35
2023-02-23 15:16:59.110384,408,0.00028311947289694217,0.35
2023-02-23 15:17:02.157211,409,0.0002797816700876865,0.35
2023-02-23 15:17:05.265738,410,0.0002766822842659167,0.35
2023-02-23 15:17:08.531669,411,0.00027394051653573115,0.35
2023-02-23 15:17:11.828481,412,0.0002709603402308858,0.35
2023-02-23 15:17:15.153560,413,0.00026738411975202325,0.35
2023-02-23 15:17:18.578200,414,0.0002646423561145639,0.35
2023-02-23 15:17:22.062832,415,0.0002619005888391257,0.35
2023-02-23 15:17:26.360435,416,0.00025856278307401226,0.35
2023-02-23 15:17:30.141171,417,0.00025617864048399497,0.35
2023-02-23 15:17:33.969463,418,0.000253436869570578,0.35
2023-02-23 15:17:38.099961,419,0.00025057589255084167,0.35
2023-02-23 15:17:42.297411,420,0.00024783412209217204,0.35
2023-02-23 15:17:46.424772,421,0.0002448539362376323,0.35
2023-02-23 15:17:50.407232,422,0.0002422313716579083,0.35
2023-02-23 15:17:54.874366,423,0.0002396088100340421,0.35
2023-02-23 15:18:00.508007,424,0.00023710544996902172,0.35
2023-02-23 15:18:05.506643,425,0.00023448289107363962,0.35
2023-02-23 15:18:10.050081,426,0.00023197953100861923,0.35
2023-02-23 15:18:14.885285,427,0.00022923775622984977,0.35
2023-02-23 15:18:20.784511,428,0.00022685360909235897,0.35
2023-02-23 15:18:26.191208,429,0.0002242310433757666,0.35
2023-02-23 15:18:30.925703,430,0.00022184688828019716,0.35
2023-02-23 15:18:35.103874,431,0.0002194627343214961,0.35
2023-02-23 15:18:39.531777,432,0.00021695937834920187,0.35
2023-02-23 15:18:44.184472,433,0.00021481364160536032,0.35
2023-02-23 15:18:48.516180,434,0.00021242948650979088,0.35
2023-02-23 15:18:52.754346,435,0.00020992612417103373,0.35
2023-02-23 15:18:57.121686,436,0.00020789959398825886,0.35
2023-02-23 15:19:01.386952,437,0.00020563465068335063,0.35
2023-02-23 15:19:05.870576,438,0.0002032504955877812,0.35
2023-02-23 15:19:09.954399,439,0.0002012239635860169,0.35
2023-02-23 15:19:13.938569,440,0.00019919743294849468,0.35
2023-02-23 15:19:18.065951,441,0.00019669406970024284,0.35
2023-02-23 15:19:21.923481,442,0.00019454832863630145,0.35
2023-02-23 15:19:25.766191,443,0.00019264100592408795,0.35
2023-02-23 15:19:29.407809,444,0.00019049526281378348,0.35
2023-02-23 15:19:32.813355,445,0.00018834952379620518,0.35
2023-02-23 15:19:36.352694,446,0.00018656140491657425,0.35
2023-02-23 15:19:39.797328,447,0.00018429645501782943,0.35
2023-02-23 15:19:42.886701,448,0.00018226992028758104,0.35
2023-02-23 15:19:46.110177,449,0.0001802433869215747,0.35
2023-02-23 15:19:49.281611,450,0.00017857447869573662,0.35
2023-02-23 15:19:52.273069,451,0.00017654794260124618,0.35
2023-02-23 15:19:55.271529,452,0.00017452140491514,0.35
2023-02-23 15:19:58.313037,453,0.00017285249577980721,0.35
2023-02-23 15:20:01.422649,454,0.00017070675176000805,0.35
2023-02-23 15:20:04.469328,455,0.0001691570494131156,0.35
2023-02-23 15:20:07.493008,456,0.00016713051172700943,0.35
2023-02-23 15:20:10.563405,457,0.000164984769298826,0.35
2023-02-23 15:20:13.707605,458,0.00016355427237613185,0.35
2023-02-23 15:20:16.797410,459,0.00016176615258700622,0.35
2023-02-23 15:20:20.000673,460,0.00015997803325262794,0.35
2023-02-23 15:20:23.219465,461,0.00015854753655730747,0.35
2023-02-23 15:20:26.517989,462,0.00015687862423874321,0.35
2023-02-23 15:20:30.195432,463,0.00015485208177778986,0.35
2023-02-23 15:20:33.842500,464,0.00015354079550888855,0.35
2023-02-23 15:20:37.508176,465,0.0001518718813713349,0.35
2023-02-23 15:20:41.575795,466,0.00015020296928014432,0.35
2023-02-23 15:20:45.792506,467,0.000148534055597338,0.35
2023-02-23 15:20:50.444037,468,0.0001471035582198965,0.35
2023-02-23 15:20:54.836062,469,0.00014555384984760167,0.35
2023-02-23 15:20:59.203307,470,0.00014388493616479536,0.35
2023-02-23 15:21:03.640871,471,0.00014233522881568206,0.35
2023-02-23 15:21:07.891129,472,0.00014090473143824056,0.35
2023-02-23 15:21:12.266330,473,0.00013923581684593955,0.35
2023-02-23 15:21:16.469404,474,0.00013768610972419992,0.35
2023-02-23 15:21:20.640926,475,0.00013649402774262853,0.35
2023-02-23 15:21:25.032066,476,0.00013482510928497504,0.35
2023-02-23 15:21:29.407065,477,0.0001332754051190932,0.35
2023-02-23 15:21:33.656675,478,0.00013196411430271837,0.35
2023-02-23 15:21:37.891249,479,0.0001305336166979032,0.35
2023-02-23 15:21:42.165254,480,0.0001293415328973424,0.35
2023-02-23 15:21:46.559425,481,0.00012814945318950777,0.35
2023-02-23 15:21:50.782202,482,0.00012624211774436844,0.35
2023-02-23 15:21:54.985396,483,0.00012493082431319635,0.35
2023-02-23 15:21:59.157173,484,0.0001238579520759231,0.35
2023-02-23 15:22:03.391709,485,0.00012230824245307303,0.35
2023-02-23 15:22:07.656552,486,0.00012135457427575602,0.35
2023-02-23 15:22:11.813068,487,0.00012004328141301812,0.35
2023-02-23 15:22:16.125447,488,0.00011873199025558279,0.35
2023-02-23 15:22:20.469626,489,0.00011742070080345002,0.35
2023-02-23 15:22:24.610139,490,0.00011599019751429296,0.35
2023-02-23 15:22:28.735324,491,0.00011467890601579711,0.35
2023-02-23 15:22:32.431172,492,0.00011372523920272215,0.35
2023-02-23 15:22:36.172396,493,0.00011241394543048955,0.35
2023-02-23 15:22:39.939351,494,0.00011134107069210586,0.35
2023-02-23 15:22:43.375874,495,0.00011026819413473277,0.35
2023-02-23 15:22:46.587955,496,0.00010907611078891932,0.35
2023-02-23 15:22:49.712603,497,0.00010800323468629358,0.35
2023-02-23 15:22:53.000460,498,0.00010693035812892049,0.35
2023-02-23 15:22:56.086828,499,0.00010561906572092994,0.35
